coords2d_1,coords2d_2,coords2d_3,coords2d_4,coords2d_5,coords2d_6,coords2d_7,coords2d_8,coords3d_1,coords3d_2,coords3d_3,coords3d_4,coords3d_5,coords3d_6,coords3d_7,coords3d_8
148.9622320618277,155.41482105376548,2.7826299534771843,51.81514010041571,97.816279745344,70.58721835490041,90.29133056314672,126.55810509354035,89.91517155498661,92.18793749187586,98.83345883729898,98.26080211690677,90.85647407545191,88.44976812893871,92.58499004870704,93.8425644786898
146.78300556562178,153.1999409700921,0.5868416359161504,59.6819470807613,93.50802181314256,70.89683082997709,86.74540370458875,123.76114262842013,90.07038077368598,92.43914501935976,97.4027186212889,97.29582616077819,90.80760407194047,88.29745491044743,94.4005772735015,95.92021240155928
134.04149257463808,149.11346611043012,7.444711534922553,56.80411517586813,95.37974636272536,68.82962626634854,82.62741435209637,127.22286008470101,90.65600802331204,91.55911612593864,98.25143792755468,97.6855635850083,90.41081106229775,88.56260285402732,93.07918155591415,94.8533163626358
179.06204245099516,163.8841600019329,91.817734408672,104.30748662684901,91.97907713724604,73.09777049755449,88.87681204641542,122.36117241462095,89.51587869610766,92.65189175162732,98.17939992237855,99.19992580702684,91.27563595462642,87.84496170812325,95.63456023009101,95.87717537959904
167.9480952373338,173.5786163211472,52.19367601440699,73.21651333627517,90.77509920168039,74.58048845314838,97.2037825315231,116.49464097422695,91.29702127691773,90.80582822275628,100.212371577887,100.55981647077638,90.03414662013905,88.95955295802095,89.96251842631314,91.04461163613992
132.37513132283007,124.3005090067977,59.89432498281367,35.65704354318659,86.82902571059722,74.4219324417557,89.10370410045408,116.5050638429004,90.96557268706454,91.71443462766473,96.2750270685631,96.62727358443901,90.16308010110139,88.71065403447652,94.42170304860434,94.94122089725386
143.48314993229187,131.90570608155346,104.01538675680425,170.22670098596342,90.6979727055726,79.1043754574471,100.09624470161845,121.78202701451723,91.57766008953523,89.78792513074927,98.93098710845759,99.45044348540458,89.53679273534624,89.82818226571733,95.10173717293833,96.63980015137682
115.30707598323684,116.90531292826314,8.853304008775222,9.504335442346035,88.6150655370422,72.249986927205,86.13060471701756,121.39890804359287,90.26892071247991,91.56274295638791,97.36590390166253,97.11723720454988,89.54138262246849,89.32679173912503,84.9921351257815,85.63597607770357
138.08014244973162,140.03289353343825,115.25986571569372,139.77241743925066,95.476994596128,74.73675635116909,89.958816463783,127.548755730759,89.52996254617624,92.11068805236302,97.22998996736844,98.8821034445678,90.93406502442326,88.48360488608695,94.02488271820494,94.56101841710509
109.13885508720338,121.55053824316715,29.218190061669716,36.35016772506489,93.1824608463539,69.64391458900829,85.24638208744605,120.96856514474705,89.56225568057205,92.32142670901459,95.68185929009336,96.56446999502074,90.91214011718752,88.02079809811606,94.21828635474303,94.64787110259097
161.55792051403162,167.79776277370183,119.47664692434117,63.14305665020605,92.57601518013765,76.82171940663967,96.15920755080721,123.95804332181325,87.48701881447957,93.98831388538869,98.68893886465068,99.37876065006529,90.72982187767236,88.02406292853932,93.27712043806112,92.10347537259949
122.02818703220449,122.00485510599972,44.60814646936628,27.750496814702572,89.51785945096697,73.8772658365822,87.68224611152604,120.95762318169669,88.70006041107384,93.8589159515628,95.35417413447283,96.80715344642047,91.08885077139409,87.46903492639493,94.35364021352517,93.45865320582172
133.96791777689873,117.14924630428098,62.99919237571807,31.82801900390993,92.16051428235826,69.94942895058297,86.08625629873667,119.15926169398901,89.2560514698912,93.40953048531098,95.8674355298426,96.4643735727342,90.82858641307075,87.73861566274616,92.98237045461839,92.46313947391401
167.064623928571,174.43281343912733,121.97999321742088,114.36401810415484,91.42249868216004,69.8863521535979,84.45496123812751,124.04803789431735,89.99492767392485,93.19243292254212,98.63908531389876,98.15587675087703,91.27445433190002,87.74583517269886,97.19666547440795,97.23474377903078
136.95249187814085,117.46011553416494,114.64308597326323,13.263151613370486,91.57561103278422,64.78176246606468,84.8349724729795,119.91069178571713,89.28020984898555,93.70967631819802,96.2255355178372,96.5077657645313,87.09463810704068,91.40121581270628,81.78480806513774,80.30621554380255
137.41272368479466,144.02292612201964,110.34704041929777,42.114434158110875,91.68449790853256,58.503821411204136,93.69345461891925,125.15808023822781,89.42289250074711,94.4490921071761,96.7596358203647,96.87111133780846,86.4463985132931,92.5911030680142,75.62121120717238,74.61322554984024
156.29933055128214,141.64248225286514,138.75105827152362,50.1521051507335,87.82432087645148,66.60640652169856,99.19829339181521,129.371596616452,88.73942962144979,94.63538551678819,97.84350487937567,97.13298079058676,86.08432335520156,92.91734022353069,77.79595709928279,76.78409189450207
102.32190965399128,124.11117616300494,24.63402834549291,70.73710002604717,77.2445217766418,77.70915222512109,104.3292407793555,122.27535791788891,89.1534210474226,92.0588537467518,98.43086699705091,100.58813443507525,88.25094132219964,90.3979771368473,82.36133067260018,82.17406737612593
172.32941570308688,145.4982196619857,96.04116139138188,154.79089693346316,82.92157693927047,82.14747061949791,108.027972630025,111.57975296070167,88.77096460484773,93.24236843556409,100.21222131372527,102.24963942238338,88.51346647313825,90.29640539370004,87.32462423677335,86.39218730185071
100.20511791698844,117.72015449624567,56.86041642519654,35.60576248289813,75.31337458127992,81.95399868106813,102.21285202351369,106.35446017015599,90.6518962494317,90.73040244375181,96.0279449753379,96.77335767040724,89.1909324463443,89.3358417397753,86.00775693460571,86.4319799839552
145.4571292439389,138.25748148134184,122.09838771649387,109.95498073074987,87.65377788306543,85.07199369755729,108.90307012686537,131.63790802457558,90.09786545490611,91.5152116699538,99.26834381194286,98.34566721734417,89.8859041943931,89.70984240815768,89.81284166084147,91.16661247509468
102.99990838195261,107.7624626864191,27.892773070208523,58.747030787169955,78.8583861944891,79.72658520026776,97.40865405567764,117.6015004499842,89.94738955730156,91.20194504367116,95.7997415249786,95.77477035337304,89.38357110169535,89.2206369390447,90.97460219714729,92.18782820884914
179.5580917696565,174.83031678844372,77.87798767121464,78.12552055692507,89.97392484222706,77.90148352195948,101.6720786261671,126.88839938142382,89.54190854703458,93.26883541859789,98.23352917155091,99.50463420627945,90.40133075972977,88.81975264608913,91.88496396067244,92.41010305500886
152.6947391979429,152.56201496199122,166.0811176692242,155.15304722363558,87.32541653871706,82.69405650782818,100.2679693177309,121.14419662906477,90.1002150399806,92.12491533640416,99.93154151997275,98.67378267488242,89.84946513517109,89.47802578772745,90.2988506014229,90.81567735553944
95.35965194618717,121.97447442457151,95.44794580158793,95.65431313717069,77.97701858399066,78.27611256774551,93.49367841588554,122.46648027124421,90.35249490716419,90.99777019881196,95.37914530607839,96.1129944908829,89.25655690388979,89.17815316240721,86.48940821449668,87.65386667552464
177.59872906283329,174.0772474513148,72.81746636420634,73.23576080935626,87.9529606592795,81.7848831972186,100.94904846100789,133.80582372751599,88.9921124697944,92.03961993404903,102.18951326711976,101.86396596070945,89.34706374058163,90.1766311964147,85.88738851086258,87.26378774183604
143.1065469618357,157.59832324839184,90.00856756169736,68.57331658755464,82.3365234255347,74.26379307190238,96.24442099089228,129.32099857508055,90.81295211006059,92.75695372144045,98.05490606437674,98.65519773015082,89.02299175503204,89.6223067037548,84.42769512296081,84.81491903757635
105.4746293522208,111.26983995730151,82.80616723286477,85.14646325007794,81.50570604508351,76.8666757117567,93.40550067370067,120.68009893534074,90.39863283500762,91.06727420380602,95.51000490038666,95.7529820499207,89.3370711738259,89.38584555468896,84.97431516223693,85.96861995066155
176.41613644955893,173.0365451878583,96.5901719968675,59.45722019668954,90.95009547840529,78.14098410520597,102.00992710327262,130.20968814836925,89.24337463879166,92.54663170632826,100.08330149314128,99.7145327496631,90.03698114864461,89.31981811598244,89.81122290600818,90.47452306687563
158.72589185771255,179.30451416653062,77.1139422200895,113.83861263244079,84.46310282361816,81.9032572057241,98.41345001466739,118.24371581688382,92.64875669479828,89.49583209089367,99.98131993864381,98.17005622359397,88.38664352062945,90.63644636152912,95.49497848421264,97.82037102865684
134.95807664049713,111.88765105829668,88.09763089608954,18.58465444856497,85.26463235290832,74.93873187511554,95.61066822837431,114.33951821560201,91.05092273093301,91.15483722896559,96.74469819664986,96.65595354876389,89.5951362112365,89.13972651813673,88.02897383455257,88.74561094264864
155.76841994709704,169.57322946731162,145.5888972534068,86.37397801752346,88.00187164392595,79.867246116035,103.46816566088117,113.64716243000532,90.45641623538593,90.96269717742395,100.61780477682979,100.49358412639477,89.94603034965672,89.28842656655706,91.65066798157349,92.32809297364453
139.92272258212594,166.15786167473846,34.789339726122755,72.12871691849142,84.57881305834735,77.45556779180603,99.0390816822622,109.16266512665005,92.03578136773548,90.93860710022132,97.02587659421178,97.68462784909201,89.23396946830455,89.73896633477862,95.98170459465692,97.26211234703501
159.31730427756563,159.48674761049529,62.239620698499294,105.79963024349752,86.92194360406607,79.65777787456905,94.81722564306143,116.50455840890181,89.96451284155079,91.69944236243656,98.76202871895899,98.92361050415397,90.4172929118201,88.84609668571787,94.50933437565561,95.3231582454518
116.37053643700783,119.34604004703218,54.243531897543704,21.2544968479475,84.41647995234365,75.24057159491674,93.8291021758357,113.51962230763368,90.65240851361945,91.35564479056396,95.96973127304189,95.7584940125809,89.6637386312601,89.02004794349976,89.87082996689489,91.10101533830588
158.01525165570774,163.4812608031722,59.85925879161483,105.4021542149378,91.59297337365439,74.29716537618707,91.95390789015454,121.46047536877137,89.78264539452086,92.2770782907337,98.72645709376155,99.50761899894675,90.41361827004663,88.72722407340297,91.61500073372768,92.47429317282865
129.3752166167121,148.33015269565638,52.30557841867389,71.0610490681917,88.74567924454034,75.23462933033883,88.2647519647014,122.12645979398263,91.01869106823972,91.73817636521969,96.29900786273903,96.70093034444842,90.12279564537666,89.06712160725948,96.99989455460906,97.95210488717888
145.1620787321727,131.56548069861677,75.96765889244294,40.19611747310485,93.54346366474576,71.79358002648641,92.81462100860287,121.3473810964943,91.36962618779498,91.15242617218857,97.28337472592126,97.77140540249701,90.23612214408551,88.784112719,90.02353250616886,90.88175260557013
170.43398356689497,174.48391691449737,84.66008547928134,89.73184244747429,92.303886783226,71.29896504755077,95.86208749172248,115.72487865476653,91.00033151975073,91.26804078426937,101.3722879631169,101.45717355412182,90.09893096441664,88.78972030430859,87.48536590870042,88.02333209829814
165.30968878360628,160.21477747412695,60.65598669791848,58.908674044067475,91.97303925001975,76.40634828245452,95.77986567449386,120.15914674696552,89.1584070855167,92.57077642504424,98.21088026426314,99.79768347261884,90.19877466970388,88.942962428527,90.92506283509718,90.853584905433
125.45964675046221,135.73677284739193,37.90852661062208,73.2193068836457,90.18768244249178,72.1570826941145,93.01352294742281,117.20913340292365,90.6163860959368,91.33662271372548,97.86843506984621,98.22760056735133,90.22428542625387,88.75548739618849,95.60672720922321,96.16596260789635
157.97753535111093,152.51065193943273,50.988984324073066,52.590038722132,92.98203577534906,74.05015841504273,92.65570982737336,121.83455116923463,89.909844007434,92.35102191868826,97.17391411428264,98.4798394533999,90.98985400956393,88.19611539373194,94.78062948948852,94.81177515210376
123.51405370500575,138.66550332198005,61.1606283945557,71.74332349457346,86.66037467961127,72.13620963601093,94.65922287699154,114.22580239611047,91.0558677878921,91.5372595205946,95.91112824996317,96.50350372648921,89.96955352115825,89.11935889403175,99.1088042533097,99.46549722233527
179.36418269911985,161.6974339580183,95.86159571810224,105.78325144986782,92.08505435240797,74.18810774570947,96.37433118890593,120.01441503845295,89.95742993538148,92.31021153839743,98.37093891727322,99.0468954186727,90.80302784519657,88.35590083917523,94.08828736427017,94.38634315927119
115.88672681733914,113.70504145303201,73.32119964568395,35.67877379003098,88.16695731616517,72.14707646698042,90.60327896291955,117.8658287708637,90.5085374089423,91.33970995923032,95.33649077471166,96.1776832125121,89.96286676596081,88.74219584806364,90.91040524913834,91.49688627241065
166.64463559650693,138.52522489680632,86.456397910238,130.66552131319756,92.24547500544405,75.89977364228218,95.47361365248884,125.8159503987051,90.65277734383463,91.24188115974823,97.07555256004528,98.20401592414728,90.61702130352961,88.86107529056771,97.64721207281868,98.64957648446389
99.37793419717572,113.02717249866492,34.89303907319647,27.383666137401406,87.82259966878063,70.18290530698151,85.3841743237619,122.49537197143336,90.3357267927518,90.98398004687772,95.3667075315998,95.50155595638336,89.83831143625646,88.85572042225841,85.99719063195971,87.21480845529788
175.08247371222225,174.08022541379293,116.42568338436651,114.95110018407412,95.36708319200415,67.47343073493998,77.57872293273053,132.50913963434573,90.95794336576162,90.95712374306122,99.68908346481564,99.57176130544234,90.29391920484215,88.60624093263453,93.43862026098607,95.77569925910016
112.3985355478353,120.1762768614039,125.85678126956344,75.60836362134359,94.08599925089821,65.55235123841469,76.92829767844856,135.461980676704,90.8833781905926,91.31236871198276,94.89094387477338,95.2432313717843,90.2293807473747,88.61953248075937,85.2619958998887,86.89455454549432
174.0232889568717,171.34452974552772,119.85826325364812,95.90340330601188,93.408205428612,67.27330619225862,85.04100512929294,123.34911829692828,91.54158986052839,91.92162841613707,98.51640828621616,97.15817735843493,90.34354735935146,88.60094753602777,96.57069229735463,97.34285201321373
143.22018764924638,145.06715276308785,82.00652283578552,58.71091274683892,88.30268000516249,72.02595672242859,90.92590294836509,119.34542533000688,92.43971192506088,90.38346981505019,97.6489606012462,97.95502820814364,89.21028237226295,89.60419304207593,95.14509521378956,96.48614138561904
123.06126680454726,117.24480065076946,39.8446325233214,13.57058269678099,88.96676563778449,69.088087454731,90.28184343038957,117.47851606378896,91.03922261688477,91.01300835085027,97.32736797436532,97.30765604842065,89.90190732761845,89.00397650838272,82.12581891982897,82.62660155958513
167.75541560084775,177.6474009908588,77.1326637686045,84.35457111770666,93.18754933728557,71.23043775960802,94.93288123627727,118.69065607541278,92.00827619594784,90.13903100503377,99.12085270700561,98.54447353351574,89.48450080706063,89.59792292841786,96.30699235387877,97.66406897969027
110.17763123731395,101.66139621030521,165.18695028422115,3.8812084651960252,84.23212631645583,72.01647641986061,87.41866911145524,111.93775049585872,90.22861576618766,90.64046251276109,97.77163079873962,98.38581506928551,89.6759236887394,88.7709714350369,90.84733528234244,91.66706043558152
179.32623416809125,171.47523224548507,111.39522857008461,119.11090395466532,92.26276221423335,68.72951618368367,87.46934228490757,120.3307757404296,92.35444384346243,91.11216220703135,99.03713507834875,96.29416525861748,89.58681021063825,89.08662179733987,93.62060382123188,95.50490274907666
131.9597192175099,128.63399082760398,112.97557724967464,69.51830741017176,91.73274636482954,66.94697341409375,84.11371132681533,122.48102857417634,91.77703331140789,91.1032214894078,95.80542424236806,96.29775110793175,89.97738774813625,88.63627327441507,92.30659153813733,93.63078763328437
173.54870009258252,171.56862825219582,154.4357680777575,103.20257375500522,97.05065652052059,62.103549669854296,78.38967129288615,131.56772100066453,91.51685774554377,91.67423213421003,98.97580680979121,98.95104054386074,90.48488446384654,88.07580161150217,91.14941405876459,91.86665905369681
128.73417604234973,124.41307052431951,161.6262360661101,44.85306680771919,90.85891928317479,63.501142977822305,81.6772189253317,121.53346277024212,91.85338799613946,91.41226022859419,91.4021925297576,95.82764967792728,89.98172491825922,88.71239573271487,82.70103013097076,83.97400663753189
167.53174056590817,163.83823380995375,76.36811288348079,81.1577215672497,96.34127990351223,70.97291230714187,88.7200182238286,129.37491608838863,92.42662528261113,89.38820196995262,99.14643859563647,98.50170288893312,89.40014797081096,89.42964755783625,93.31813572402704,95.96352946127551
119.1834542240292,145.29681104374038,108.93537009145037,53.93352668658975,88.63451108560922,71.59217140824107,92.662123375004,119.70506211056474,91.14905205873858,91.34370561989478,96.15725411670458,97.2327766845498,89.75493531705811,89.0515624363302,94.50613784712404,95.20882087874578
146.34894704386747,148.87615801790722,74.07812120950476,77.47563488758753,87.1105524478068,73.81083541671465,95.3925119862841,118.04501195354982,91.8987541126067,90.97665808408746,97.86984208881523,98.43042303475487,89.46197484317793,89.54243447160067,97.49312300514319,98.2369237755684
138.97868115580349,123.82352957629902,47.524022527936424,47.10126796925849,82.80289557225232,81.35498426066884,100.29434067811633,120.02131352951466,91.16547183350329,90.85525830177966,97.52295044124862,98.35509287839879,89.56110820879148,89.40199895207604,92.93605494185653,94.20030246665839
140.86994687660166,117.8703366957159,69.7802998063551,31.359297272117804,74.9992815021077,82.46239015155969,97.80830208439342,104.53025324662899,91.86911109160884,90.38109290921903,98.62429112415651,98.73573249065444,89.20033761683142,89.31149894557338,85.93254289146553,86.57303705069431
155.35248874739995,179.79922476811464,52.39027959457122,81.57277167254387,82.41390946883094,85.67999664690431,96.92095805837121,116.18797914087173,90.47435231214638,91.25594451924928,99.48333767644735,100.22039705016176,89.65689478171174,89.61873451481888,92.05517910497832,93.00836615459946
110.3030540010429,104.6977977869694,42.060533720275714,41.96167356222895,80.20661089513625,78.54899911565504,95.09627985179148,109.52112028448148,90.64350877713092,90.6660415712028,95.85606326487454,96.43249024968858,89.34028819292497,89.36182377937803,87.13598124208676,87.47188311527881
159.55267259636426,137.4205920627185,127.83895680821449,141.00704243362216,84.43389693472719,83.12719295404453,103.83168881907676,113.5918857090524,88.77931109601349,92.5333401582034,100.47633106855132,100.61921862598798,90.04060114890473,89.09402572240016,92.45880913398022,92.2417047410222
116.86573881221209,110.72186071038057,99.41200318075573,69.99176929324787,80.8009671265216,76.72507222988399,92.58945016223507,110.23603618490672,90.21869150132363,91.89889754657926,94.34644119413997,96.51260836865283,89.39314019672254,89.01265084862864,90.74773063367614,90.32162245211573
165.93179607358937,143.80438738933591,159.59253358036045,178.99633603117965,85.11839117258918,83.74816643262541,100.30623886765049,116.46251176437121,88.40113035185905,93.27239394715546,100.15073595081681,101.16521028786046,90.3256590939152,88.68109297574871,93.59878136683369,92.72445568136953
127.66986864512167,134.71470333999125,56.02596538410691,53.991248615265526,81.21841462821443,77.23379837964488,91.99822898767876,110.68559240588779,91.39566286891106,91.4757400067403,96.67787845599963,96.83256175013291,89.39996355570338,89.15801093454485,91.47545996898432,92.29441331084719
158.03097475117713,147.90983651451214,148.3364364696928,179.92597941873174,86.75776634698647,82.40925811000615,101.21568538582686,118.10808192034571,88.78660573804706,93.175514543968,99.99866178894648,100.79865452567338,90.12416851339982,88.9999262062049,92.20593504033884,91.83974810836695
128.6223658456366,117.6178109417222,147.53321988367765,169.85199680809652,94.19543937196933,79.4955472214029,103.81319266680437,122.44165936380038,89.04414485089157,92.05428435019705,97.86911125857405,98.73206467907013,91.04831359867006,88.60539398917746,94.79592228304017,95.06463558536682
120.37039083761567,105.54827928204104,145.11526461560143,175.03335099171153,94.76899084714282,80.58276990329637,106.40078251310702,123.61500390093853,90.92918826935588,91.17090866408262,91.97772475979038,92.95966690581726,91.40148219008391,88.43154518423312,100.81239003609429,101.31815188375539
124.84592693277989,115.95452327504069,155.43603562132753,175.37864437501236,91.61450212991826,81.57015571009175,106.31138216706071,124.90351908786144,90.48071804845283,92.44905562384545,92.57402759508918,93.52315751234332,92.65582594058924,87.0125870445413,100.51774933567827,100.30292622590304
157.23894601502244,125.96476656034133,113.46669517175525,178.40504655473163,89.21447610841334,81.59185522108488,101.00032952129635,125.04715796610681,89.36519789282801,92.9078394303952,95.51027810795347,94.93350961368091,92.17158601900285,87.40345828017362,99.10476761151023,99.33775219428853
129.76709189015241,152.2981920751103,48.72999146364514,94.6995005025271,90.35180505805802,74.53845546899612,91.23085040423865,126.9989391629513,90.28947275169247,92.3800297320933,96.2181998946686,96.9403216446682,90.96189121510189,88.36098933010689,98.70625339419666,99.65068414130184
95.13071766558669,116.21453491636474,104.60814472392381,56.44888728241952,93.39293995581703,69.45010114112002,89.19376014466069,127.25218891699704,89.91922185716443,91.29251335206553,95.6932588758181,95.46615508591518,90.3819193621086,88.55435198550995,93.53310909796403,94.70585940864439
154.45649087169932,144.70201085005897,126.65391898721728,151.31047841923478,88.69445965595442,78.02246666272792,100.0513157172581,120.3559654780886,90.5993925852818,91.22364455466429,99.99446122260692,99.07531583580914,90.00651850494636,89.15264923604639,91.65596137818025,93.10648182202668
138.28749333255487,127.59566546997864,110.33420649384732,67.33113057377194,84.9932279560487,73.8774024403656,92.5884188036704,112.40037286872203,91.77497742446772,91.42005347443718,95.26756733579707,95.01522599691094,89.75188222249912,89.20611595686924,97.18675486992227,97.88982039213752
161.49471394345233,175.14492896199286,102.47586894807255,114.02622426856269,91.35059728076732,74.54942475280315,99.88009653514422,120.07146077840089,92.71214768048517,89.29058490633479,100.75748214535655,99.44631805114588,89.63878112003287,88.91961001175471,89.82726702036854,92.60668955970017
162.69414980321991,125.20917005321951,77.6549410136787,35.68458628101466,92.25531730803804,73.8463114192637,97.20435626741339,121.99706869034591,90.97383721596024,91.1703690791382,97.78012755406712,98.74151083069226,90.31130203627984,88.813680607917,91.67889032322398,92.68839228255186
179.92597941873174,164.2417613861181,94.03777128516876,125.53324886895827,91.77434904706408,77.0473205549252,101.2352402174206,118.10045942923198,91.20790096862741,90.39820253308991,100.44077310373223,100.20186674694352,90.0734270380558,89.1016482135139,89.49857782694002,91.17829892876458
135.22684458433713,113.422654111987,138.91460032101043,174.53603125786455,96.03202259827239,76.6182002599408,103.42728014850947,120.74632444953318,91.43416464526243,90.11144387097609,96.72939857290903,95.57717981087374,89.98455944676476,89.55136152884587,95.428384139805,96.49346334840929
117.74468853574436,150.60086274560547,48.90259375906595,94.87698296810989,87.37446412714692,74.75174861639726,96.68996789083056,113.9793008689647,91.58772778837182,90.3560670961001,97.39209084694036,97.94991922664447,89.15017670756684,89.92814891440963,97.33063280478858,98.53866787272123
176.16100156330228,169.97002247695434,118.7071851332042,80.34648633914894,94.23481541253446,72.70295141258191,102.48773298666086,117.69053879600449,90.06138541454906,92.07858616326396,99.71707358003435,99.86751532669305,91.01966095510186,88.28004475825307,96.8400339770849,96.76168487711568
131.29995026444337,148.0788017341999,58.500775146834314,81.17186688902079,88.64064459548389,74.85838152971951,93.72212092286578,119.8243308738515,90.71429685768894,92.3267542565672,95.6288228711882,96.83984273178815,90.7658716161117,88.52279651154448,98.44129669591352,98.9854920180343
173.60745337982297,176.0824817086038,83.4567837324435,83.68328646569947,92.62198235325184,74.11555064615644,83.45360769447944,129.73673852948087,88.65963252137652,93.90594180399835,97.02585610364427,96.57626573171736,91.50139419726285,87.7004075845291,94.70044989882173,95.27256020408034
141.84622679580661,155.7775587402065,65.00545799157176,70.29572637169179,96.0765281109042,69.19222051881701,68.45779759812223,141.12438508356297,89.52364462119397,93.43069041135968,96.14836121040523,96.72383196873548,91.71463953333983,87.52220794908347,95.47993840766027,96.87648669668526
137.76438280440192,167.94152459535226,54.785565464792164,85.02418920355638,94.49528467653289,70.33236350639973,70.46105110055194,143.8205339565338,90.77229882412068,92.36990056155418,96.20208064822738,96.34224979037438,90.68412108193581,88.52606134196776,95.59265018934381,97.42717752870671
132.00198442809395,159.03090078528865,51.92165690052206,75.30197499555516,96.4906356500929,68.97836729590391,63.90694500698027,147.7879449585841,90.20858965154119,92.63873680728587,95.77661450444894,95.93693270464748,91.2089733083271,88.06471621447925,95.45898338728666,97.42020390556414
124.98182037650646,149.75413785457732,72.85754591425598,71.50358385470601,97.66391871552852,66.55228410271539,63.76470631751476,159.6151824876482,89.94388567025734,93.07108778174768,95.12985023156209,95.65352083522697,91.66745658655339,87.55820304600944,95.93657753481064,97.62410554285653
114.06376981843025,121.75109991795541,65.73555740252193,26.594185061807142,98.75156486915053,61.849084142136306,72.08759917968794,151.18365546672598,90.05867382944858,92.09135861701188,95.83802473527652,95.9950576144843,90.02596405351339,88.82762102401298,85.57881422453974,86.90012797985705
121.79866535533539,139.30974042487398,52.04201507898144,75.24887710494748,95.77091812668115,65.73689611959927,81.10732160136418,133.27014565129022,92.0632933697123,90.80726939267115,95.50929456071299,95.56200996072714,89.66155980091486,88.94828314589043,93.03759936424711,95.41416368595304
137.81903797814036,153.44215313843907,72.16634443062902,67.7786855493262,97.26586895107852,65.15490936080081,82.77355307957795,132.85127747025,91.92089075570671,90.86521671758953,96.2848215598329,97.5680570105274,89.99844522134741,89.07699806079933,97.63537535498705,98.89200721886432
142.39725913728657,163.64209809774766,65.06289988249158,83.07985974309635,97.7999487630385,64.14320808056019,85.56828890302876,126.25326009050434,93.47850856573893,90.0368035637262,96.52709519988244,96.06178856267532,88.53908651271497,90.04718545126461,96.03260999454102,98.33477989580717
119.82148951515677,132.05823786609818,2.104498250270465,20.942533080249046,98.74897622745509,69.08833334154112,94.7025057857619,127.70139679833044,88.9776051479973,92.76394783515055,96.14168811558612,96.92276805850128,92.04372487774022,87.32612687839075,98.2427089457954,98.11246406851244
149.41505994342123,161.9358895223218,90.1013761721395,97.42868700051329,97.26722815872336,64.37412311601997,86.81450472842177,125.25878454735049,93.20479556493984,90.73639251965392,96.43824809915891,95.60200071831757,89.6138099484273,88.89633272706331,92.73401111601838,94.71121427695367
154.43029026604316,168.94348602583645,68.1962081830999,84.52175365802105,99.9363158222026,62.91231236947551,84.21210020180936,133.30885916350584,92.23519557074319,90.44123955505016,97.32464955907565,96.87380243234145,89.53839099961202,89.5990499096309,99.31536283418923,100.52567918530465
147.07767358679448,141.77446882838646,66.12095765662907,53.885127966131044,101.85259369574138,61.70790413199214,85.43464942172828,138.2236174034369,92.78034711934775,90.19369300896139,97.37173005302455,97.32863838955093,90.96501944174176,87.75998049446996,87.0055519496962,89.1869709366257
160.18174667930077,167.26170220688255,109.2025602615921,77.56160647867047,102.54899978351587,56.949663091986515,79.5898653036516,143.77580987784856,92.76635889192757,90.8917588327042,97.94702322643639,97.5571218776662,90.83533463997072,87.57240983948307,88.18849290261822,90.16484912009642
162.69380829376144,167.12180627230236,168.23187593696952,66.96836556657422,105.20821782364445,58.20473425763845,93.43715177031451,125.82891409774979,91.0386010696703,92.24145885421208,97.28013038606551,97.93375216887905,91.01215457720402,87.67507441289753,91.68533802180048,91.14392941686107
158.31431831870594,170.81181597140173,156.12613061430895,79.95301280144285,95.71440514148847,64.24252586128134,101.12844337955828,114.42949229753859,92.174283943725,91.63092873487216,97.8371869543934,98.27872453328888,90.41967664784043,88.15953973072654,88.97806960086086,88.78359362462308
149.81513144386554,161.69242059916752,143.94241185208352,64.67642728868474,104.41361410617267,62.07493800742112,103.79503119380131,120.57750949400715,90.29227995944136,92.98282807729278,97.06398221959128,97.69171758545048,91.76239621601655,87.26757166663623,96.53163044549132,95.29697130017396
150.15900414781902,166.58782208299075,137.19191732930648,82.79715138316035,103.57224408345382,60.38178192349915,98.90301065361722,122.31696743031263,91.37899037714706,92.20804556879239,97.22121317428498,96.73828464901922,91.0496728063149,87.87591612544175,95.1449722703845,95.32201077367124
149.17501977523028,162.1094719498885,127.44124855322299,76.99938628733004,103.03582151660854,59.143666702461765,96.47353968660036,124.79016526839591,91.73661908208894,91.74866753578483,96.82023325868104,96.86609797895767,90.83341535681396,87.93627450713716,94.497900638985,94.85780379692049
152.12376270408654,162.6982342563436,116.89098319138446,80.83474241196731,104.28837575755132,58.200506370542215,91.52785435010749,126.44673202893412,91.90229898078593,91.85332652443694,96.43666349527146,96.83411220307451,90.87571471834384,87.98578654843058,95.96971761266354,96.63151513191359
152.63778908064336,161.21790003677006,116.1705621584882,78.46797258153117,106.2440569924119,57.14024927549196,86.30072423867507,132.64518334223405,92.13050243114523,91.49151091353386,96.98133693063413,96.5839565247228,90.88501060580423,87.84087042481042,92.6084380881277,93.81114560850773
152.0067205824692,162.96804038893742,136.0195153582738,80.07081990424723,107.82596978532187,56.341424501113124,88.85535842223241,139.18425618944252,91.0234312195237,92.69298216967411,96.22320642333023,96.84072382619108,91.68686798417455,87.27518049737162,95.23674952226196,95.66302162836246
155.39945312813296,162.53381794264305,141.79107984844794,81.09633865717879,107.4498244375401,56.033178063870444,83.25781349173187,138.7471240825617,91.38526049080514,92.17761707603998,96.883426168882,97.01524881986325,91.28459716281749,87.54526666772144,93.16965424166014,93.95830886436482
155.262822023976,161.07490319630665,137.3766329652203,73.90152666851408,105.78460382732348,56.35381446426752,87.42887341407524,139.04576727383133,91.19068206172982,92.49806906132946,96.76821453796222,96.86528518644644,91.25339685868887,87.48706662580376,93.00393336182812,93.32883180026728
154.44464732367854,160.58745991599955,132.8435593564879,74.44081791481078,105.35773066457602,56.28615802544396,83.7042551464514,138.30761506984973,91.24570606568344,92.43855079290196,96.85046367594751,97.04583440696656,91.18963021259763,87.51746096761032,92.63993209039063,93.17732454409806
156.63451525461133,160.50530640066262,126.45663580323064,74.69387642355976,106.37828386998099,55.82224474682753,81.66043032035181,140.25968313463937,91.24221583901756,92.43098977349077,97.03216719843736,96.81724163582457,91.17365440012897,87.5504917624365,91.46923083646126,92.21872798465428
167.13041231065657,159.99783700570902,132.00280405079434,76.92424737627074,105.84929937914184,56.213416510783325,76.53198278204773,139.43726005667813,90.89575449336866,92.63101186333459,97.69982501999529,97.32198578529935,91.42281970105104,87.38816548662197,93.70404824232193,94.36204817639344
171.79207106070362,159.71920626870752,146.35014915716138,77.56844349802967,104.35919798905519,57.88922732930805,76.95639707669399,136.97376108721627,90.88497645485837,92.55013559337247,97.980593606207,97.31414472813218,91.37325301824426,87.49156772046679,94.5535666807206,95.14202162866306
167.38125783811446,161.62570331135484,148.74119347990776,76.16899237860741,104.8338005137227,56.368072484159924,84.4916803351055,134.65630522258763,91.35425826216245,92.06995963434223,97.81242751865211,97.29474016070017,91.1046558291335,87.7456917387263,95.90226266442049,96.59669482752486
170.7744001951284,160.00051443986365,161.88102944290824,76.31519257779154,98.77787475783342,61.094682918119226,90.23959871037304,122.21196010201285,91.38037007535941,91.89061252711603,99.02103632247504,97.93214024423493,90.54341235484438,88.00002749285005,89.232821996524,89.82346260500084
163.52646299509934,166.32936772479746,162.12668402659693,78.39878959542811,97.82522046296755,63.96920901145411,104.55680219193282,119.53601492860692,91.33163667563136,91.99066796826756,98.16763150643862,97.82331484018911,90.58855990525817,88.1219190487781,92.1544695649428,92.48139656956546
150.21053109491757,155.48279509638544,95.52091954268035,62.34608968728145,96.87402099839488,65.27184902958061,104.93934059677773,115.73251480625859,93.01286041907332,89.960544501643,97.91521503547163,97.28866129233886,89.40862423557095,89.1301642532987,93.87888059450675,95.38527881595306
130.94786767310754,148.28594771134806,64.0010991646889,54.982913535575925,98.90053812513767,64.06889562239044,104.93688172867652,123.5764269925063,92.8681628615066,89.56819794514996,96.97081160912315,97.45451877595427,89.89606068568891,88.63729780279058,91.68117160640676,93.17392994008057
149.2216153257481,170.44152409573866,67.84766362975415,76.3205064649658,100.1233605526234,63.622597401643475,102.6335438650623,118.12709716699503,93.81758647689506,89.42578167076603,97.34821371171219,96.48466606475831,88.24319588768084,90.54403390205886,97.48552783478613,98.88405687867044
115.88530613799178,100.14648074296389,74.14532344074851,6.495129971409544,87.35233431423609,69.51643593833917,97.09262120278115,102.03995944505317,90.00810993902297,91.30169312631003,96.91388198239109,97.27676993299386,88.87629978222768,90.03159212938948,80.23852836912772,79.75357810786765
179.63737660554202,146.45482863638102,89.01642111305048,151.68527821975005,92.3375732762125,72.4784157738069,106.21328016001182,114.7103496762095,92.55637155608468,90.27564844881238,97.74078566444784,96.36417469761012,89.43479752047044,89.52445058351603,95.09893679537862,96.09543407452679
126.45289285956547,138.68018822869558,58.19189350199883,55.89762271450779,94.88758342170175,70.01338684197097,103.95683154504974,115.18849023886708,91.11451179210583,91.5504895970169,95.83732805598119,96.43355575919911,90.35762437923087,88.8404412890851,96.80093114408659,96.82258967394469
170.2410580435988,177.00991211486485,75.3596149619609,102.73930251417077,94.61059876029022,70.31580029766245,101.04572295852026,120.10182779945077,90.77725071126893,91.74366100712321,97.01587036707771,98.23459468106142,90.80024795820437,88.32782876168648,95.71009529212219,96.00485893594326
153.37248520890495,160.96963632081844,63.59067309746283,82.13267642975566,97.6243377692883,68.03729017168122,101.45065755365363,122.86157939397276,91.52952774645414,91.0313815597176,97.15696841495183,97.97410492649549,90.3425160007868,88.85576823358261,96.85960929924616,97.5700377653867
122.62030979173123,134.4980770602751,35.11104163603035,48.03456550801654,94.9238995375187,69.39768626942933,100.77490595792925,121.40807415745903,91.36019369655119,90.79300112749499,96.71612068516254,97.01203863095334,89.99955854218211,89.08846594841577,95.85792107632878,96.58030237351683
169.1935665721073,154.94934366182912,67.00763232411262,167.57330909719687,94.72463559867275,68.93559665132129,95.23276752197584,124.63846676692992,91.79701844491935,90.98244325431446,98.1711217331045,98.9565866574668,90.26047859866577,88.52932617239102,91.39595656704537,92.90786675115189
131.25933795963846,109.98683673303881,66.5884977656948,38.4873305012673,88.79448094616009,72.15564152419961,112.22302700692265,113.72713028480783,90.7162844427374,91.20313349658674,97.86207616372893,97.84230959627092,89.4156046889027,89.62733372298393,82.30129330979577,82.09562948369751
162.42610585943194,178.53432837534163,88.00175553071007,118.35473371165321,81.58674623958571,81.5310801978501,116.04666252694416,107.1004944124398,90.89029717222182,92.34792784299424,98.73828015121485,97.96666002030017,90.0205613738799,89.09770036417363,97.6640143381769,97.60552059812491
124.5175724186207,113.53787940328512,43.3286676227153,14.003514237322248,85.27756190100716,77.19937422622802,102.69384077505516,112.42954460666715,89.34689981604154,92.03996144350754,99.28141679401426,99.7657864891949,88.62031112232476,90.41080423210859,82.89900316406359,82.68886556405897
166.69000171297415,158.49907493575478,149.53171957444505,160.09102810674466,89.01424228270524,74.71971502918991,103.65585925927311,113.6539106569053,91.42999822986872,92.24037968432322,98.85254921602916,94.05483992790462,89.99488669278983,89.02680983077808,96.22590434805238,96.44764643945685
108.0724098407651,126.32022326512714,30.446063414046662,30.159953619903998,88.46577126216405,73.05988343822844,102.49907110068308,117.40283756778521,90.024823411922,91.54517570984264,96.9002557549969,96.41533281449351,90.12001575838445,88.66611437089887,93.0055316260939,93.74734481147064
158.83104945017408,158.88148356700546,99.35345479919039,127.1050120007616,91.55910929574947,70.29871116435908,103.71987179217449,117.04426629673789,91.76097553666919,90.88130181308492,99.29664811586339,98.69493577074195,89.70515006819788,89.19921746580754,95.17221106479451,95.73111861438748
173.43272348047572,168.60114328425706,84.09502392924617,69.33448652903921,89.66334931047741,77.04581108311862,97.92246869637019,119.93937858023119,89.56825941685248,91.81955806918039,100.23620893809034,100.50312590066528,89.12170847910623,90.00799382580708,85.46608195228869,85.46582923528939
123.45594245554727,108.71123060364722,101.83928165704901,18.656922972625583,82.61376763413467,74.41098364851617,102.97010826660384,108.01151870431444,91.52709619910962,90.48435853928045,95.42595259246049,95.8451827735267,89.7361932779756,88.89620978365825,86.15324679411616,86.49761810187903
174.47443661192938,150.3703575214959,115.50788354483522,89.49603016637961,85.9830248196211,78.57765858941241,109.16825905158029,104.37285836739521,89.3476374764719,93.1561577878602,98.46945756586149,98.75726124691832,91.19163828821361,87.7948212894262,97.57240101083953,96.20520204467807
113.85568810536581,90.54163650566018,115.29148949155088,27.770534882180097,72.11538438923156,86.76986944219574,118.63171154287556,92.3977950541245,91.09879552682563,89.90429789382794,94.59442487233562,96.2178378946426,89.04428828486414,89.73411007027875,85.39127089030953,84.98687588012059
179.47623878264307,175.84644403126651,133.5815339755511,100.0978497960734,78.34882676164946,84.96165199151574,117.81848189953718,96.71515762848956,90.69560946011977,91.43481351323358,100.25313414685364,100.82851611272469,89.61656251466282,89.39686264982019,96.30774367468747,95.26948661895383
133.70089836148625,141.5876904753433,106.46616791403154,55.2291384400603,73.19219103264075,89.19956580545521,113.87012029508205,96.53928025736174,91.81541897454336,90.53811895823762,97.6214895804044,98.1564982980915,88.60857685733068,90.3132486401933,94.57366109725879,94.42267976565566
119.10213399177103,109.44164420329922,149.05180316260325,40.11741661839337,75.51179840685795,85.19378963083696,113.78648462869525,97.38685209184696,91.39919407671196,90.40632362801306,93.5859542715724,95.65466830700754,88.9416168812605,89.92471332925712,94.53704445311834,94.39794765067104
157.81163005617134,150.53357172190252,106.5069509735657,117.56659818332544,83.02992423007439,83.91392829359245,111.411675665606,105.33696005931002,90.8015866752817,91.07031363798667,99.06502274072992,98.82606857261702,89.62314681702271,89.60842775936133,94.82191798302124,95.01304033637653
119.49812103909169,127.51583421895954,141.38229302662265,176.07674434970102,79.92888857329437,80.84765146949863,100.22838154130152,109.41614710712757,90.66153364635058,91.11395171659389,97.2660123850511,97.79091242276657,89.60184345700145,89.34771943874195,96.47976881912341,96.42240889047365
164.79037584063187,142.72577757598583,132.11822058738923,126.13720151612748,86.59617090141315,81.41177045342832,108.01830108216026,112.2973121443357,88.19464007287122,93.3322673854198,100.6880464422542,99.62528949796773,90.19108387669844,88.76859452920574,92.78224591193701,91.86479441205339
109.5054245097688,114.63620114257985,60.36909826221043,65.43369036196405,86.67602947318893,72.0132662309507,98.18899633816243,111.82850845027353,91.00561808616831,90.64852213598171,96.09516769714917,95.85201979288588,89.59150938078722,89.12708383798302,94.58664528687098,95.19488046264979
159.94136500165135,144.02743404687183,98.90015563454415,135.75123918805403,89.9857137487345,79.98434970935487,106.62195769881036,115.73114876842459,88.77317075594965,93.13261412579115,98.51246043687588,99.3283060426664,91.09525748883556,88.22525981092039,95.19494193435231,94.73281816529843
148.08233977218998,163.47526389708094,88.90625699192735,108.41346850678052,89.96442404909158,78.16281338979334,102.43756524720712,118.87870484364157,89.50167190263404,91.61539688469955,101.96078389219437,102.04731555878926,89.87717521263383,89.31999570090086,89.27750509407421,89.47777990091733
114.65805774792389,119.7120152431398,34.66950747222946,15.092274565552607,86.71305592867957,72.09564514253022,98.23362479419929,114.58697596923157,89.88266668472652,91.95369615429027,97.67559833900924,97.76099619420192,89.07408157002372,89.64800187541239,84.21363016418344,83.75538594257812
130.42534454122324,124.74331017068961,107.08985980790209,125.45859490133003,93.64566378529666,77.67959799658244,107.26545714127396,119.41182842911775,89.40876766954352,91.4599076282442,98.4028768818322,100.19304214253587,90.46688691538355,88.91873574754096,92.76241787277647,92.47762630514362
100.45780076533308,131.47873729615762,48.15446606380153,65.42024854967747,87.75617607910226,76.13691781026503,114.31476561004988,113.00950962947127,89.66832851838235,92.1648787732379,95.41739436543045,96.06825675181932,90.39983494830155,88.5909208183262,95.76944280582043,95.19553616081011
171.9896411126354,175.13010745149393,82.65989190159978,118.57965184102173,93.40173723946799,76.85281725793074,119.73463682967089,113.75650009823889,89.40173940488758,92.92395184664727,98.87257533067564,99.72373301447512,90.51770352280846,88.62279048099347,93.17685326104532,91.8734004504076
142.00746024135393,132.585200620943,132.05853839442165,141.096545232506,92.20827779522416,78.89479793295443,104.79732047336566,111.42390853440949,89.11145636516204,91.88434241345797,99.97880642902925,100.99263189810175,90.02189326076805,89.27518282975642,90.22834938881003,89.5810113800329
100.15970398919703,108.87809895525982,167.69540555880002,163.53164027849022,86.76188495105599,74.43905572600492,103.01085034500296,111.61242175550184,89.65632787601064,91.80790576645636,93.86108795171887,95.81357265804787,89.96888416261959,88.51057730311933,92.85504889830018,91.4112357002187
126.10747653285958,99.8004018879085,139.97194092528505,174.38870407746737,92.18948794481746,81.43961713467446,126.65487521370109,118.04282629301541,88.83206747716267,93.22321658513137,93.73690828241887,96.61862656494978,91.07620126105122,88.08220149875447,94.84522941865849,93.22060062267926
153.1612411182548,143.209245686196,124.18425918712407,75.30422895798127,84.56270747228446,80.36060434016336,123.43654471830443,121.47107582236323,89.16223882164108,93.55909113756675,97.97851039851014,98.36287246386344,89.01303333922216,89.49497148705825,89.96687608700361,88.4326175239328
131.540099715661,128.80673997209195,152.82612471681728,148.2729566915467,81.57538763499598,82.37331082440438,117.05277671244372,116.74353306758222,89.86449838153429,92.84440746357329,95.98170459465692,97.49287711833307,89.73632305156983,88.89522623641777,92.97294479356377,91.64275179232544
135.79652334225122,111.70115274300949,129.37662363568114,148.91998051162201,89.160708859267,82.72061228332119,132.50125759604353,118.18830932233668,88.55886674055132,92.8578219551032,96.39639269992507,98.05561640405041,89.95476616160518,89.16708142576262,91.92992709597863,90.496031332572
117.47526489374403,119.37262314328187,148.58340244970213,149.6904395103778,78.07777070443751,77.35925529431968,100.69899523549373,109.83455766549338,91.15114209662461,91.8420157311714,92.11696499621026,94.85296119279894,88.86248913972591,89.5105169976092,87.72766003931746,86.85905805237776
164.95073502196541,159.4069846613679,124.72952684894453,121.67995666756056,87.1903632082584,78.64180772609717,108.04758210313211,114.04875706263456,88.54866926812049,93.88441987792363,98.54965764709578,99.78015037701942,90.38828509841505,88.28342570189223,93.47204720678411,92.06619620010956
127.56241610909902,116.78210997601445,133.13039998087174,53.20666137021158,80.5731734875125,81.80382331178706,108.47211251099425,109.98791590292767,90.44992072548524,91.94432513474902,95.09026928532187,96.77597363285936,89.46301986212093,89.19692935243557,91.86872860101532,90.78679248553945
126.78231288323518,116.12299672110822,131.90395755312593,122.0865168477164,80.02487322170056,83.71899469468029,107.96296288950482,113.61560695603987,90.09054349211586,92.62108076828139,94.45631161712879,97.03815727433947,90.5676185452629,88.22974724520509,96.22023529104126,94.90564927205642
132.03299348692582,116.19572457539051,134.11118782492892,148.85954699784574,93.75434575536991,80.79987429625439,111.10667356821908,122.43510238219717,89.64375349774865,93.07876491437477,93.17248193997652,94.66939302866568,92.41560818747989,87.08804014430244,99.07875142096165,97.77144638363204
127.87799816951029,120.35608842149367,142.7942980337394,95.14671396862286,87.64519233527872,76.72749011685018,103.24242107862308,115.11380895048217,90.55041329874365,92.3120625196625,94.12140012136639,95.00053426000625,90.62506726637189,88.23262275484566,95.28835843163058,94.00933037746482
158.886729152288,163.95139638412252,142.1968340662817,144.19056628500843,87.78824381725546,83.61470453624337,115.35113070338342,116.48460059614705,88.03124145735701,97.55148014141177,94.21212552411167,99.82323521030386,90.97979997110566,85.98391957440236,96.1192577743518,92.09155669249782
129.2752089868848,122.50138253790297,137.02068448681425,78.06741613765577,84.461087917813,79.93800687583634,104.95218135241736,116.38423779648288,88.49822832109996,94.39500383913877,95.00470750558912,99.09252791251757,90.79136188209418,87.12772354338021,95.5553915074214,92.83223606647233
176.82848863013095,171.87056359464543,155.05752019790378,153.99832178217488,86.57468995647345,79.44716216132254,103.8537503300959,121.6286756072721,88.56810115630918,93.79130390896884,100.55364880995586,100.37382358948777,90.09448451126696,88.64115002948247,92.80128164915384,91.76079795175077
167.81870413369708,177.13610668996998,92.07182427598565,100.95107702719139,90.71653032954752,80.68752451459686,102.96805920985284,126.68570668761453,88.00993126714657,93.14514752291812,100.04850850950923,100.82929475429006,90.02554058178484,89.16230029334362,91.14680492650164,90.75455399265698
117.47970451670454,125.254385905525,175.46702702287232,178.91953738415202,85.86378337709101,75.3574976033182,98.8829503880249,122.37028388697375,91.40650920931304,91.7508395359409,90.7194263297556,90.88900626646868,89.60521074026227,89.26897418780088,85.89530470011063,86.02380104896608
127.20358529086323,118.84316053920082,128.84695612592498,149.83369589802965,97.48653187259413,74.08441181373034,101.71109949689539,126.76499152350003,90.74831119975559,90.39297743837486,98.39265891883386,98.19742479159822,90.40474585431478,89.04015602041628,92.7343731160444,93.75235134013226
154.35749410986915,156.46910173329198,138.54669901155685,138.0124552750568,87.95395103670914,73.54482003911016,96.80868340879455,122.1351477946069,91.64954783054961,91.0126121998784,98.57809172461054,100.11610006153568,89.78547309283724,89.2136223347671,96.30004605149287,96.45014628869306
154.08363084490833,175.6679438674974,115.45997659799674,129.04008655489625,87.52831413820147,72.8745530852893,98.17075290288932,115.8018685470909,91.76727980127312,91.0405613339621,98.44997103615944,99.69257369148153,89.7371699950269,89.03829137877287,93.74593096231246,93.98530860215389
168.83108843285473,176.84619248045962,75.29885359910446,94.00290316945583,91.35662150761527,73.76139850750211,100.77660667503258,120.73799161874577,91.22008602610671,90.82488445054061,98.55993708179665,98.83938744149854,90.16518379936575,89.02363379281401,96.39633805841171,96.73957555477236
134.8089872712941,138.67875388896988,177.35062927142175,168.5209158822661,87.23752566447735,71.0977886557372,96.36077326340344,114.21638356524501,92.45292151091567,92.04722193459526,92.59248276622655,91.68785153141503,89.83655607763976,88.5645699485083,89.15611897214475,90.47022004769852
170.61499724027865,147.2874423565839,115.25534413046317,128.52698908406657,94.2313183556794,72.3072717237739,99.37956661238735,124.24541670095236,91.0185134833213,91.68080277619158,98.47269507552808,95.8489188870027,90.60525971777885,88.79033502133389,99.03918413509976,99.37501770640012
147.87655983287584,147.04816716958,110.2442665628566,106.40004485267666,91.38994600057576,72.43190218555912,100.13702093096342,120.18959573028543,92.23160289123976,90.05510847070182,98.19160547042537,99.08712523288408,89.43481801103795,89.63505866693522,95.61350958706903,96.03903037236083
141.59927447617562,143.7698539528923,100.8042552807928,132.70848553546173,88.90466555785073,72.33046021600609,91.66893873760327,123.90509569536731,92.09736235329233,90.69338281845035,97.70966732258927,97.89435563774641,89.28324245297703,89.90203710121267,98.8931068793207,99.1844690889351
160.20869860576565,167.0637633247356,71.186485492299,104.5501769084379,92.57915706715585,69.7198526322005,88.88974842470343,128.85539823973912,89.35450864677694,93.23437028404601,98.00617949483787,99.23448656422711,90.7729750128485,87.93588518635447,93.24519613388047,93.05155344072145
146.60858985497634,143.51734185927694,83.26043628437314,100.77993297715838,95.49337338975768,66.82179653717492,86.08242456261229,129.90970624002227,91.93991966273435,91.42866634298056,96.92103319045209,96.30897310873807,89.92608619728028,89.24280773309056,98.51850515429135,99.41254276570017
144.23507179764022,163.59804337760107,84.11037819450036,84.20962084314064,94.69818227601729,67.416986051639,92.86267821960308,128.2492326112788,90.91780234400946,91.87076399738798,97.85906405030497,99.58245738168257,90.43612374336182,88.38152770894112,92.51565679844224,92.57350167052309
151.03466172017133,158.37016194535997,91.35407384705485,84.0235664901495,97.13453124352834,65.06339848630098,93.0308374769688,127.71248902554254,91.44757230660316,91.4590880055438,98.35477868969697,98.87103853811239,90.4551936315245,88.34000698897661,91.30038856017856,91.69707911698373
147.71953378385726,137.4985791626617,146.9009629325879,101.29055791950853,97.30542257656207,72.7030880163653,105.0219585649782,120.79730498149816,88.61654085790292,93.200663300492,98.32109902689965,99.91525151880228,90.77028391831553,88.15986757980669,93.17127299649343,91.79487376551997
140.420165259378,133.41831977514448,95.28885703543999,136.2414282044075,93.85197647936607,77.29044796862097,109.21311290385977,121.73730293583199,91.65598186874776,91.35995463993024,91.69516666401613,93.50845894524944,90.27949384531509,89.28617260413097,97.70106811442422,98.2599073621255
136.6730551788173,145.6531283523616,143.24604674544403,178.87429421108985,91.15683164420322,71.83852267122509,104.81962104100575,117.15389083291659,92.76810059016591,91.13907998255037,95.05914411327412,94.02232822745536,88.90978136953908,90.03825839401941,95.87799500229944,96.33641680882319
119.67219524027863,116.49949040853767,152.00689816738762,145.34932153807944,98.53885228782882,74.45290051945253,106.43453047779605,121.7535861068133,91.6696149263311,90.45517314095699,92.88478071175724,92.58127442579855,89.5273260931566,89.97022970988608,96.59371003485757,97.64669980863093
174.86752765904194,154.57638801238974,145.77918632368335,141.28154773636498,92.65965767671362,71.7690528171769,103.9734425651112,118.31849272791712,91.4658294022546,91.01895061542818,99.54347749208931,98.92884925924737,90.09838454928303,88.8634453662097,92.7777379870848,92.8433146333061
177.7504002435426,178.4785120694443,130.9980832238855,142.6375725130443,93.56585985503423,73.21865801567455,102.1118608464459,123.1142144309932,90.10202504011065,92.0388754434295,99.44650246625348,99.04520153175854,90.39908362749284,88.72692354507949,92.73526787082567,92.86078625720299
135.06074804410076,167.25686643295018,153.5305631070557,149.3442035609715,98.59700451842231,69.12765474059289,102.86446573071126,125.37706976339676,91.91995501979041,89.59347647526818,100.71126225524307,100.96580291504193,90.57344469662493,88.49181477346932,89.22039788242374,90.63536036145109
145.25604847477373,150.13908731619924,163.58390488601916,126.84308790646996,92.14099360171036,71.66305511144746,102.71174953105894,118.91019201571532,91.55848091834582,90.93901008138235,96.97911711915387,99.48155499707397,89.98944303202133,89.1949417673871,97.60356033383312,97.19048415320908
119.78153290851219,139.8378233307427,121.60027568070319,123.11160529873025,97.44117258631607,71.82133791527335,105.66834034727152,124.6193149164972,90.58509699934896,90.64740198495782,97.6408053553772,98.63967954035655,90.44330227217951,88.83833076063156,92.04838989694333,92.71410111458779
125.56297385222616,138.7682840086104,162.28377837750722,153.4245858918938,88.97126673244753,71.22616889137677,98.24093992680037,116.91991587270863,91.1457667377478,92.3211535014478,93.81964236383523,96.83868842981842,90.04043722436464,88.48408982951803,92.6353353730792,91.44688928768616
143.17564115547955,129.77647657007202,129.7591005688235,146.75166865770976,96.65438943544396,71.5054553265386,100.37114615533312,123.70954737942985,89.40917748089372,91.97953475992043,99.43344314456041,100.01486982784691,90.3159807158613,88.74414928216626,90.29681520505024,90.05911779174463
136.97709421953124,151.95181952192064,119.50355786967101,111.70156938454885,93.28548058960521,72.28247130689758,107.5107770456933,116.35691703980282,90.8481890559887,91.12343201916187,98.24561860638183,99.5789876455842,90.24275425776959,88.87082880070248,94.43173659649509,94.12090151755699
161.68720233464163,176.75701753065593,77.30223687512841,99.55979481401647,94.84700526784269,69.25966180668172,102.35669580743416,116.56266965836029,90.64804402273981,92.10502582554108,98.0212264015794,98.12467644674841,90.74421308625358,88.26348837970495,95.11942053269948,94.86215462742179
150.2808410622337,159.61826973315306,102.94616162337378,86.932345982172,95.27233480783774,68.75142743054107,107.71558026795613,118.90075269428237,91.75560700798157,91.16909866395257,97.7425751740104,97.36749533573914,89.81971966133568,89.40432121639384,98.39609450398638,97.99327726749571
157.8304950386589,171.89526155868418,84.72226069129596,113.10976314610872,94.48511452485874,69.00380975056221,102.96529981342815,122.26192976598067,91.8268458810248,91.70901145746373,97.45938187064333,95.64792691029673,89.92896853711004,89.14963712262241,96.9558125137058,97.53219851738483
152.27919048883933,177.88141693220177,94.2133276374056,121.70361644284549,95.06721739687308,68.15119723646951,99.59057847660573,123.9627698127189,91.17007538100388,91.77691719819201,97.82926393495619,97.54031961230797,90.39286815534813,88.80642694701844,98.52825183423695,98.86414004705068
164.3526836582391,179.75291608554195,59.77714625741294,88.44224126047335,95.46011719868889,68.6568293105364,99.9262686139335,125.21315888369479,91.71371062761271,92.08958959801684,96.19673944029643,95.16467736613998,90.27445316570763,88.93708163565161,98.436495072927,99.25545524497905
127.2503311055428,148.51429459567993,38.34207628328323,33.003719956311734,94.35751976097373,69.13031168418001,104.71023556144799,124.89757682328353,90.53680073172781,92.4974680046825,95.46830659550373,96.98568093094626,90.99777019881196,88.19263199725525,98.14449082553062,98.31000679968754
148.9391596828114,161.962172090248,52.05050500411976,46.10126338797151,93.60535883900442,67.96490382685742,102.43876736050103,123.58201408724737,90.749130822456,92.83408704773741,96.53397320037664,97.12796743173597,91.03854642815695,88.02085273962942,97.89732677003538,98.02700474161723
171.89661393613986,170.18193592614315,65.5656496167287,65.68743188963003,97.8234992552967,71.89312320345017,107.8367136728863,123.82919863331013,89.84496404050805,91.94823883314344,97.41021816899757,98.18376441325819,91.13757051074379,88.29981815590025,96.37639390603528,96.52085240698104
126.89663658956286,117.61662248880661,32.77606975127521,12.994518565766592,93.11243091679377,69.08258915244913,104.36591206500931,117.61402701692201,91.4765596294407,90.58508333897063,97.9452200564955,97.24524860997425,90.39610566501472,88.57700772298688,84.21565190017778,84.88608277853871
160.42348073440587,147.6440192123936,124.5174358148373,172.05152262651575,95.63986728707611,73.44537248479479,103.90495625830349,124.4158709018792,90.72515685846925,90.8667944912878,100.22336818245073,100.04595401875964,90.37771879576904,88.90424891631136,91.8523566375748,92.85475520016587
125.73147461905039,123.89773275144204,37.62555187330845,10.40185388891062,93.7210007718419,68.8416405690986,104.64245959431395,124.72704066008664,90.54848035520853,91.30502625862499,99.46450684490563,99.06103391025464,89.80474788667502,89.38361891301953,80.73660625397257,81.11206858283734
173.0196882809867,169.50305610377893,85.90083715333833,112.44085539993269,94.38478587614043,73.53871384999218,106.75286510444283,123.96218241645028,90.7316591985591,91.78994919912839,98.77393373868232,99.78114075444908,90.46584872662972,88.75807603788392,92.490337287189,92.98376381320907
146.47443127929895,160.74981351257074,117.64216739630245,96.15243200315055,97.42504650968567,72.96000558199533,109.63155078298226,124.01439238246586,89.68256263261266,91.62286911165154,99.46277880704561,100.07948341739524,90.53763401480656,88.79996558806361,91.21900685621786,91.45292034472328
130.18990792053287,139.44048390596637,41.39717208770574,38.06874577307765,94.12558702732761,68.80500343439066,108.52887138299705,120.77681441398812,90.83799158355787,91.8556146378089,96.65469679395662,97.43272364231277,90.30285309227654,88.50662945377907,91.19962277935336,91.18381089142478
161.9943559416171,153.92596275810774,73.59100577827779,48.596611529533135,95.47216565238479,72.24995960644831,107.9819644757758,123.3143799548096,89.92764348041105,91.84554010878313,98.39687997574093,98.63592293631304,90.75419199263098,88.4230074477706,93.63306891646717,93.52922272032629
165.40707362079232,169.1331876998444,120.7971137362014,101.51805103019414,96.3592842821644,70.4728809881944,107.32997510817388,119.02693360900919,90.48469321854978,91.85790958137001,98.38432608804645,98.31619495107557,90.82986365844555,88.48238228222553,97.30425461421399,96.98115251552655
158.67299887277997,158.35749877463874,58.04871224642785,64.01385112786932,97.18406377538928,69.61410764347036,103.61039068996834,122.13309873785589,91.69740696606388,90.49635918165217,98.2118706416928,98.22557883135701,90.11299432391769,89.04011503928126,94.83028496475451,95.69375064943834
143.73573032779893,119.32329551709604,40.48232288989589,13.235987951041345,93.82800934556849,69.87653717176059,96.09343282909998,124.04485502616411,91.95971355094906,90.09208711486828,98.15067214672948,97.75021815569164,89.97037997404782,88.86423083796426,92.25119187377935,93.77988383267659
145.77085349289592,165.63159559918898,47.17422121978339,87.34430884196132,94.46698037261235,68.7664743372826,96.2971705418523,122.65694692643919,93.19597779072136,89.67815716059799,97.80257155567979,97.88091382545983,89.02593556656431,89.60288164575529,93.93675961753344,96.03825173079545
112.71125575898432,121.29955611192587,10.173531764014497,27.821462480179004,96.59237814796941,65.34051292130674,92.86740471050874,120.37301363025696,90.94521872333789,90.80038456198777,98.12238833337646,97.78595370542914,90.51062061663914,88.43459144860294,83.87123961127988,84.65534532799734
97.31053838825041,167.28644115205634,14.817099904271133,138.50563591426672,99.61496225194267,70.26151395413919,93.45256067708206,126.34814507845415,93.00173404091537,88.56444700510323,98.37064521913891,97.4312141705062,89.0133406977348,89.59974658892625,92.39042528001006,95.40577621365227
117.6293812821762,137.46886783977214,44.07315482715211,51.6652481839852,97.64018380816273,63.43338750125578,93.87259682047033,123.3310729371411,91.87156312952087,90.83903660250087,96.78827480355454,96.2420714058178,89.93050532967328,88.69006784431811,93.11139272803993,94.35277277950057
155.65635020319547,164.35462343196338,81.75601198759696,76.180747134169,90.8235184127066,69.9786416696631,99.44899548530053,115.52431697997827,92.51140159058933,90.84273856503103,97.59806886174043,97.60560939058412,89.50421956319445,89.31393732310707,95.67192819504015,96.41551039941193
109.1029556129258,111.31449573409506,50.94597120777491,8.50195822409612,85.62665969967568,76.58411761598244,105.4761524844057,112.92191245336586,89.04921968144488,92.45230679389037,96.74475283816322,97.17001407626657,88.14828357897434,90.96281329063984,81.90348943215588,81.60910827892833
174.98936457345664,170.19485864405283,159.1318783019781,114.14128563532073,87.30936559416753,78.44329510805991,107.64524297988334,113.14051265775211,88.49824881166747,93.78387949334105,99.96624571114559,99.69549018225712,90.12658640036601,88.56698783547448,92.74606639990346,91.4794966107838
127.40409232413812,109.76203471688618,171.7962921176107,167.9203783296819,91.02387518181976,82.44891418832725,116.82698431886143,116.0668798868874,88.45784141253768,92.20122220981153,100.58823005772364,100.84141834006684,90.15586742133786,89.31778271960978,91.3774535845838,90.8964989839882
120.79806996268519,123.0516225774392,7.8635455650169055,37.180595784733384,80.07219960245958,79.84658479379571,109.83348532579369,102.63514212932807,91.37750822609716,90.78307003244178,96.52479342613213,96.64788026516494,89.29615834069752,89.32556230507443,90.59171545265471,90.91599234387941
148.32214771394914,119.55792617546432,144.04314348196286,168.80132246845181,89.80753460385638,82.50851441902478,107.46829326905582,116.22632382287217,88.31718049677042,92.8106526686951,99.81999087044811,100.84012060412454,89.74008648580251,89.40145253694244,90.77808399434768,89.69905753945824
151.879802007312,147.91427613747265,109.59918934669474,125.59582706213394,86.36735273402854,83.15684280523156,113.25340202435409,105.9348133475504,89.32471536161735,91.95585449406799,99.26942981202089,100.12817583598826,89.78212630014393,89.40836468838249,91.26976199194021,90.44310419669357
155.31586527307033,119.84585963011537,74.58550181199917,8.23361119066372,82.21799915286746,81.1922754942608,109.7773138500595,103.87133123701952,90.85417913189079,90.60353851010801,101.5375375598962,100.08468119135361,89.49736888345693,89.55574651029303,85.09023030264122,84.74703378741559
132.44436212025732,141.6715788587294,128.51159383767737,132.37444830391308,87.64584803343904,82.27654070424364,110.63098504347354,111.45701446131655,91.58371846732902,89.66731765038519,100.31016622642325,99.94921804954475,89.69172191628964,89.51743597923843,90.53530492029958,91.83443422119268
114.1238891435047,116.04341135689924,23.790867105664223,38.985452782341746,83.75203914988481,75.51371085982555,96.03965874976447,110.14772866912763,91.33405456259754,90.50954144675029,96.01561648388602,96.05763580765995,89.66834900894986,88.93909654145676,88.3178908364441,89.26432282897609
173.8105285642258,139.3311735584895,85.45014029076587,129.8674273690599,89.26730762164338,79.05118194419104,102.49513691172115,114.93192101288471,89.30638313388503,92.1180714868558,99.1752688241231,100.10491904186436,90.5485554872894,88.67315629593315,93.98086897919337,93.69974522314483
112.09653873368318,114.29014277809199,2.9238231971128648,5.318834792549948,84.0506276996411,75.30140808985405,100.01579190338487,106.13758800362974,91.01198382247476,90.69826640370691,95.82114733783743,96.30694454255458,89.5459588492124,89.1379984802767,92.83630685921766,93.37854191704663
134.70729941493093,156.15544578622664,48.707902631869324,51.25944273973264,86.58046146632212,81.93394524566497,104.72750910985896,110.28679132062909,87.67966430001978,93.84434715806316,97.31712269061029,97.95601858557329,90.63199307819028,87.97172318892952,94.44855252223167,92.55646717873307
109.92143084154677,109.16072535292577,21.793692471595815,6.7103398406465375,83.40871286106496,76.68001347192943,107.00583482073259,104.18486424067977,88.44566318524754,93.45316173372902,94.8859305159226,95.61669928541143,91.74749274324759,86.7980986140354,97.35918982570841,95.59160517040081
142.2859816953287,113.71579900097478,149.65840592317042,149.3889413000351,92.86878440872107,77.75585705866564,106.42925757175679,110.30671498243802,88.71682169529704,92.01008619607789,101.08074133839492,100.63744157069358,89.99770756091705,89.12071810167657,90.69394289396229,89.55001598157939
115.4402646720521,112.27860425619903,34.36282856340131,21.230311148096483,86.96957734333775,71.96172562347378,99.51707198075805,105.91280647804463,90.74271044463619,90.73142014193816,98.24818675750976,98.00446511735619,89.82143403881736,89.06425292780808,83.04895313710205,83.04193170263527
122.26938833255431,158.26619280581403,178.57289162339552,80.93247558880103,95.9562416494311,74.1292246848748,106.51718942713154,116.47860369005576,87.77738381647515,93.22921349122265,100.58547066129894,99.84237340035824,89.36268438321345,89.59870156998323,88.22414649008569,87.21586713461923
147.7546409561911,177.72590718517893,84.07640483356872,83.86511293159437,93.18797963920328,76.304243784552,105.49784516520967,119.62785365218691,87.68039513026096,95.09755709716627,96.60862033781571,97.57423833172626,92.23816670303214,86.4057452273532,96.93086866285691,94.94992938844563
130.58579934520517,155.88886350292105,39.830681861941656,76.07690093802813,89.39529853650026,75.25159552023715,102.59474839057663,112.90447498041482,89.7681927142371,93.15117857995526,95.15492385600521,95.3659083994669,90.98154166934403,88.0755215737462,95.8868400972746,95.37660447570714
144.58025589791433,146.39159474504504,69.83685377268282,61.91678497718947,89.76723648775331,75.23865231175996,97.71642920986758,120.96896129571891,89.344065287536,94.03150800169985,95.03605124369031,97.92900518740589,92.16751522625752,86.75370921461949,97.68578898125091,96.73340789395183
153.4572751772615,157.71199125655917,75.40743311634016,81.32045765441443,88.67790327740632,74.39037013760107,95.74533906823946,119.69181154357491,90.5885052637448,92.88578474956523,95.67115638366394,96.1604164942903,90.9753740085235,88.0881642538999,96.77584385926512,96.72730170483385
147.3151182831008,145.22353677432446,66.0317827068254,70.6725000968772,89.57381236064771,74.70412853750395,92.96037041530177,124.99766641538089,89.04604364348083,94.07171732534371,95.83256741412968,97.64743063887211,92.12367907216438,86.82394404985473,97.3768185439562,96.88566647092976
157.39556225269084,152.09722058897185,65.13749237841728,86.29872982343743,89.21670275008276,74.80312529933411,89.13038964954131,128.98243975830135,89.8300332469824,93.3649976519225,95.8004928457873,95.93249308168697,91.2806083323422,87.75920185290457,95.64048200410141,96.08220399810448
149.75517604333118,146.91320263158056,63.92597391400793,76.41039858463233,92.36272203273649,71.67458447076645,80.50002216150166,135.47346905488794,90.89216181386523,92.01848732875702,95.81713801679463,97.01401938581265,90.72133878272321,88.48660333913259,96.37944700059427,97.89741556249459
130.78921603906647,145.5514951375118,60.03408431361048,76.73522189099063,94.10598438440967,70.10483624476826,76.90889994120572,139.57080391533023,90.58015194238988,91.90634928296375,96.71995925147608,97.69602060462759,90.69485813931108,88.48251205581975,95.7510012950614,97.2928618586784
131.48570408911104,144.75170730646,78.27002003900586,78.30035973929905,96.45869085534476,69.1898777639317,73.1846641641754,148.92358685150379,90.99406140609265,91.5358251808689,96.19919147820846,96.9047226987141,90.45074717837483,88.91450103025555,97.64774482757393,99.64230349919023
134.80954734680603,137.97479361197333,90.77477818278939,60.36543728081531,95.71598974537591,70.08351922436866,74.88357126737851,155.24364285278662,90.57093801719954,91.72877119473259,96.90483881192999,96.91870409594512,90.75634350221952,88.64922331308142,97.60000863546472,99.55905715358611
127.37775511469856,140.55287583495132,74.95533606498785,58.083061267763846,97.05273289802827,68.2810323024023,79.00738677123293,158.67425562758726,91.25865610434978,91.01500276608792,96.52456119970036,96.90880715183776,90.01237197706506,89.29505868024116,97.03954380274098,99.11710976334044
125.60518442129684,138.73742521394027,84.972751048917,50.331841578742385,97.11300931745363,66.60085357790335,74.94397746039812,165.43260486790982,90.8640624156198,91.54959484223563,96.18564721308432,96.43438904227784,90.48440635060464,88.81892619319956,97.9278645458145,99.71337844769339
138.8647945815827,130.59966462922029,111.89539649281548,39.92782764250674,100.14850930914739,62.57178645821535,81.62586956315154,167.01740000064953,91.32753173194018,91.79117863317899,94.41239350076562,96.48707029134616,90.9894510284029,88.15455369263242,96.56265316470152,97.98775847464634
143.12124552892956,134.5086501931103,129.6856896956242,46.296080873667776,98.93020846689221,61.26538983604535,85.85711711246108,161.83015819397,91.69242775815894,91.38375784918773,95.53347343037483,96.50286168870723,90.55958624279897,88.13711621968137,92.44063400059882,94.08966023229334
141.02813405777917,148.3525420557557,138.16929007877863,62.9890495448006,100.10332077759858,60.06705363673413,88.25143992600906,154.99410872164938,91.01352744522718,92.76911145816308,94.70589355959024,95.89249549390738,90.53279141068501,88.05762647812077,89.6222862131873,90.20937512329574
144.5634126514211,147.09746747500918,155.28533432748037,62.23906062298735,100.27417795968645,60.672741151952515,92.87014361636591,143.56453846644175,90.81463233659642,93.0801036314521,94.69495159653987,96.94311519203873,89.7911079989025,88.68087440969526,87.26102151522218,86.72670264664126
148.47426968714365,153.89074630274717,165.6303798255167,66.31289963268478,96.34124575256638,64.66515064636505,127.87517047119391,122.42843611756723,91.72332070377492,91.57696341023988,96.42283919239136,98.44939730026915,90.35537724699392,88.347615819712,88.81157690965263,87.89947344788912
151.1415405203037,156.01791309709927,165.54899129136683,70.92107117134147,94.81609866184839,65.13336011396943,129.54535662893713,117.65681132188297,92.64411216616267,90.79998841101592,95.90651104208425,97.74334015519743,90.14031508059774,88.67451550357798,92.79655515824818,91.77021678261622
154.3777797717041,152.4613516340036,176.42367697840263,59.915177550349725,100.84820754810183,58.90967808187547,115.07199453238334,123.47172019253,91.30046369225943,92.46119287000056,95.84599556603793,98.11699248393215,89.39221812118458,89.54912805698729,80.23025701004283,79.77248407149024
153.89819120894248,147.30065194243872,175.08912631647385,49.67706549395911,105.85403953042584,57.59757142155934,102.18265575719307,130.44657276916362,91.23919006521524,92.89667207110223,94.5582385301129,97.0419070481938,90.25875056080577,88.22110022571586,88.48345462192522,87.38407420330914
150.11843282414912,132.7262167065471,173.3213230951128,21.279637066735024,103.06832638686862,58.95454559453328,96.23062400876886,145.03319306253456,92.16506318834548,91.45822740170838,94.22794424222943,95.60488305814731,90.62171364348941,88.32736430882291,83.59573710091824,83.90642874588379
152.4143326117572,107.92804013227854,159.06914984464072,22.50273440933484,84.61932974050386,70.66856590791527,122.28314433354272,104.59914253459773,90.47912661437623,92.19547802071956,97.44257277509593,98.97810858354151,87.86052087905254,91.18867398611383,77.32833502794703,76.67412584886488
156.11688253817275,141.293883058006,140.0734921778648,78.05339375928973,72.27530643845824,86.69167743657744,141.30706532310413,86.20986906233556,91.98955464743284,90.90885479619675,99.28354098284613,98.85805434850019,89.46394193765889,89.49808605331978,82.32101889611876,82.10947427714513
163.1165287014935,176.2982064033495,90.48924212453701,77.99808288739096,76.35357141073783,82.55731612064453,133.54833925618485,99.56579855029692,92.19859941717026,91.51691238705713,99.4990197907817,99.21217916639785,89.49557254370522,89.28928717039248,83.41682712579893,83.54512539916844
163.60130820802434,179.01682659868968,110.00441763996243,124.70362677161184,83.88322659327325,81.32239059794954,122.27863640869052,112.14745779394562,89.65823349878907,92.75116855121345,98.83041940311833,100.30123233898887,89.39339291372183,89.37295698772515,90.59202281116737,89.5930598337288
119.73773773555408,108.29988929107238,159.42849975725343,142.199497840058,77.54150523194313,79.70442806660024,115.44086572869905,102.95412562394601,91.34386271424569,90.52663741024283,95.07976445437839,94.32861440040624,89.1284362154387,89.34589577823355,90.90669645641901,90.95488344101346
163.04479805483004,146.6726980105261,128.20469977789034,136.24799884638907,88.04692357169137,83.00306109606872,130.93323740790538,117.61581652648455,92.03318589585088,89.90469404479981,100.66183217621969,98.16936637448781,89.83218475657095,89.40187600867098,89.40806416005901,90.7548476907913
147.04626837699075,156.51079320798573,77.10886055934701,123.1178344312533,76.39664258364394,80.10689013325407,106.08281671667541,107.05040180506693,92.62952288209553,91.21758617687048,97.09110490078541,97.21007996593785,89.40523646174263,88.93796956024372,86.39832081172538,87.46378934111235
167.65032631027793,159.82258801198483,67.60066349879898,120.05586062633658,86.85575907100865,79.62064896624086,121.1032564751797,117.23568917841666,90.60818303874362,91.5170558210297,99.22734901654444,98.78863230577619,89.82930924693038,89.24984965812483,90.87270943510903,91.33673882694136
167.73926903364983,169.48884931030528,133.55936318150523,127.0508486006434,77.92889307109874,77.6252843323025,107.78785732975321,106.27406201343577,91.9855999679034,92.79585164876367,97.94301390539358,96.92746722865024,88.99185292260594,89.4118958961834,85.75037491611212,85.67723042029046
154.7765125550711,150.27492611841245,92.12014103417431,100.99576012474161,81.93837120824713,76.80832540567728,108.17721909357896,109.86677566780833,91.91008539643974,91.97596257098452,97.51272564806112,97.51799172391121,89.41156121691405,89.09983138319468,88.27801619206957,88.32175672351434
159.63135637560282,160.97578349107144,151.41969314406327,171.29835766673844,85.78225140896858,75.70753796809217,101.0686723941315,111.36753215300021,91.91083671724844,92.06030174685583,99.17821263565537,94.38357693265733,89.58564224829017,89.07115824905897,92.3966817332898,93.01961547616247
125.33577443967486,130.54091134197984,116.37100088987138,130.4616811476077,82.32139455652312,72.54705917496554,94.44179063495335,109.12082338779456,91.98409049609683,91.25560300979078,95.4351528572725,94.97982512644276,89.7696543747195,88.60589942317604,87.22228751243904,87.76941298571374
152.93995664952473,149.56715459585905,168.75396193674695,154.31380821993775,87.23150826781855,80.61927726441009,102.1881403990966,105.94932066934751,90.1410527410281,92.32406999222339,99.2886977756695,97.4873105141595,90.03335431819534,88.99784299850805,93.04055000596856,92.15584926315515
112.28005225630308,108.6872293189038,136.9522323309524,117.52997470899584,81.4225484919386,69.56229382842665,96.02651746580136,106.63467551104493,91.1586826254683,90.74329101071564,91.35233897900567,93.0995765007758,89.81920739714793,88.78377120954151,82.69659050801025,83.0358186833281
166.81276753311596,161.6760691262945,137.41093417523211,146.90951432942876,88.1769498829209,77.67804754364086,100.19638210504,112.51969627352214,90.07992254795649,91.87652867704747,100.41453151694104,100.40664264844968,89.86200536248722,89.16102304796883,90.16771779954783,90.27275927879346
124.76478428544014,120.31588592803897,91.38365539635018,11.513600365019013,87.5920807842927,73.76918492315592,101.93649573950582,111.0107572217046,90.17452749815034,91.8521039205755,96.94195405987983,97.85228167245914,89.56982353017243,89.10834179890051,88.98444899754566,88.39245601161313
175.5866509559959,168.55005346926538,115.17014435075643,116.25693673073218,89.85313977694456,74.90948500508955,104.507153546856,114.43786610946101,89.23613463827145,93.87569089616436,97.96613409573408,98.29814276109923,91.97534785395922,87.13423271365923,98.5076997950244,97.36173748626882
119.87721019840573,112.34953577072962,30.38714278717155,21.652104357648742,89.44767242705592,72.95692516667965,104.9305091621809,108.01251591193326,90.87617234101823,90.90106838054292,96.63592060392824,96.62301154639692,89.99178578690665,88.79617483307425,91.743893233555,91.65583160458601
172.03411930451054,128.7778482719028,95.101081474778,156.33904127111657,91.8382796176954,75.46309915807576,103.49810238001334,114.54997683449761,89.53419726346164,93.31876410143069,95.62755928619175,96.73842125280262,91.74601742238687,87.3151371040162,97.30428876515984,96.06200712872875
111.84656747043906,126.1120527596035,82.5432664215218,91.07312084573555,88.10669455711815,73.79115081152668,102.46265936221775,110.24971705381427,90.6814846289162,91.45033170302784,94.93544255721602,96.07238901626717,89.98152001258411,88.9048089918233,93.86017953655926,93.40494742837791
178.08520245627827,168.6874632149877,82.86783018069164,79.4348678208165,94.01228101918626,76.61925210907299,105.52606750686016,121.61258368158755,91.43572875858236,90.68703074252224,99.0653915709451,98.239157247427,90.08608337858784,89.28148709436033,92.84840312423775,93.79781307924787
172.9891846561534,178.74835918317316,127.41522553248525,133.56537374797486,86.48338398764872,78.52811239717313,102.20188273970666,112.6331388854469,89.39885706505784,93.1365414845639,99.22777248827299,100.24827788235376,90.03159212938948,88.69123580666617,92.70851401984672,91.5912180150377
167.29732847359335,178.47491938994088,71.58975352127489,71.85103557778456,92.98835370033132,75.81739473070266,108.97350986777572,116.83509858359541,89.72615973008485,91.69645073958009,100.61225183303456,100.06386960495259,90.24727584300014,88.96626703397507,91.24164210312728,91.0571177125102
174.18431749674392,172.05702775898678,133.46786596738374,145.8046219481525,90.79787788256237,75.57168550550062,104.88193285680377,112.30668316387695,91.27271263366167,90.30266184697977,101.35985701882748,101.37135222720062,90.12940726849322,88.95994227880365,88.45953529945183,88.89461834958165
127.22688989631132,117.66291751100096,92.18470681239845,58.22495844777086,85.91858198480203,75.61293984808749,104.12277782112436,111.03768865760195,91.44973747657005,90.66030421229998,95.72500559508032,96.39219213358551,89.649272290598,89.30264702040904,95.91289043876904,96.14295170058257
152.241774712566,152.09995266463986,142.3340935478423,147.52697709077626,90.69895625281308,76.27883548083955,104.41355263447015,116.57473177243453,92.3330175400361,89.83851634193155,100.42013910224962,98.60689463234048,89.81471996286324,89.10363579856238,90.41686944009156,92.0330014807433
136.2557989224212,118.12272584592621,162.1388554236979,85.7707903515413,93.4963968311752,70.87272026220695,99.14644542582565,116.13496321253409,92.99221275721237,88.97879360091288,97.04879870906635,97.56562546318287,89.21271391960748,89.49674050605329,92.70623956685311,94.25633733860916
150.55548296875992,159.6704660387903,119.10082259545038,113.03803932963442,92.17432492486003,74.50979599523873,101.316328223247,115.94147761372597,92.44198637805448,89.67487183960722,99.13417157588712,98.40541088201428,89.11683855422801,90.00526175013908,95.52311203340392,96.60359331858658
149.05975350279715,168.0102089776459,133.61781594042222,119.40964276858334,90.35215339770568,72.0304646472808,97.87972537254424,112.61975854486283,91.88529863994177,90.69405217698902,99.27184086879791,99.72533810893007,89.87639657106844,88.9163793322773,91.78046889656041,92.26503666722697
146.7589769601217,155.9721235089035,22.52707378844218,85.68134902435997,90.73266323636709,71.86670403174057,111.97104766806254,118.65037161968804,91.52790899162085,91.2721320675822,97.48121798541986,99.0015019814488,90.05038880998535,88.70921286456165,90.93414015650413,91.44279117418415
166.24587549238325,147.81485590391395,59.263789239394775,151.7262183736351,94.58130407894004,74.10421936232338,120.6232990822029,120.84556709817346,93.29789787351629,89.88828793041344,97.52637919621198,95.45756953812848,89.56351243537934,89.34699543868993,92.11288737327577,93.79902202273097
151.7461078844982,141.61562594904865,130.9111622365079,168.474429614775,93.48220369807991,68.60483791057426,118.54515938571316,117.59009403407029,90.69381995055723,91.44406158936977,100.87337679519332,100.51498310906442,90.14737066601036,88.58229428940447,88.87794585781764,88.63016025510792
165.81290980089614,162.90636378073222,152.52395714793593,74.55620713064897,91.95916713581545,74.62051336168464,128.14287290552338,117.64152535852048,89.24894124296523,92.45345426567094,101.27542222030779,100.77067124064385,89.69302648242112,89.2328902984157,88.89620978365825,88.05290681740429
144.20542877664238,163.05684650852595,136.14786827315666,103.32402134863722,92.4891556644626,74.7792332976174,137.23426450216056,111.80053199543316,91.61355273362364,91.261838972503,96.59758958230613,95.98247640603313,89.73724512710778,89.65415587585457,98.47188228301684,98.02669738310458
141.48663099638378,154.4928001573271,171.39389835284857,117.24723219811398,89.04759409642242,75.239376311812,123.61813212757839,110.6974564444761,92.18140100084015,90.88643128515159,96.25720027482937,97.91297473342387,89.72271048455399,89.26289531943956,92.63051325952517,92.56212257536583
123.564241935027,163.94850038391442,117.86558288405358,80.96387396841557,94.95563942659174,74.49563018290013,125.90657334861282,113.16027922521013,92.91143210989863,88.92768329535367,98.09808652030955,97.37050061897395,88.84378125158923,90.2976211673723,94.84762681505717,95.83564782944536
155.96639981037902,175.28918255726353,155.61584718141728,111.53044582508335,90.69203044099469,72.29874081750056,120.53396020785914,112.78728259463574,91.93248841691738,90.76385671030654,100.15921904576597,98.89202770943184,90.18514161212053,88.62231236775158,88.6533965586643,89.48379046738694
174.9800345350504,158.1431127969704,83.78838941664762,54.91509317221228,96.05620146793424,74.54906958296631,128.75328691164742,111.46946589617347,90.3127022250597,91.6009646949833,97.82091744379044,99.55765013461709,90.6322389650004,88.68217897582673,93.29763832632783,92.46914321019446
164.6834560593645,162.61476934468604,118.3167441994896,169.43136643825048,88.96001741088452,79.16741127329715,131.1722530477208,104.87550564879479,93.18880609209285,90.46877887778365,101.30074173156102,94.65541846162384,88.94061284345251,89.92180366867069,92.71951745459961,94.12717846140423
145.64004170991186,136.03582585001178,155.24447613586537,133.86812871312483,90.3475703407726,76.20995985324915,132.24565825692332,105.11510868487883,91.98734849633092,89.59530013577657,97.4446491526036,100.56652371654134,89.61886428841312,89.53487345218947,94.01976007632743,93.83360327049873
127.6687211733411,117.95880130584591,122.05089058100562,152.04852134018967,94.77786326287466,77.93756741134466,135.0632205725803,111.74537138769614,92.38604029856292,89.05717685182795,96.99879489415268,95.76801529628389,89.44354699279722,89.91275366802043,93.76864134130274,94.7486983551187
121.3735953625288,127.00352905007355,175.39376641383475,179.90513368138485,88.65457135120154,74.59502992589132,120.35983136515884,108.79465453416977,91.97477411806894,89.74747675048445,95.78558254282918,98.27011849493466,89.35465208074952,89.7217269373135,94.59271049485395,94.04232702134516
134.15608948853256,146.57109211643296,119.68196241079175,131.8852428348001,97.86362661667053,69.38943540091196,123.12268386556401,117.14681475693645,91.5312694446925,90.08485394453723,98.65247248467197,98.8181250626123,89.97788635194567,89.246441393729,95.11580736262854,95.28488186534304
173.02539831913285,162.47282435335484,94.55474147325785,89.04892598331057,88.14363222014957,74.08236275697934,120.37141536599118,115.48793939245878,91.68947028624834,91.59387495862484,98.28122438252511,98.1281188620901,89.8888411757362,88.99616960216139,94.31355383328636,94.08603340184406
163.9003748710225,153.23388701026704,42.05600188976141,40.92484060093726,92.36041342879702,74.9426797244558,129.60322199158546,118.28253861212617,91.0598975995024,91.51717876443476,97.89405510942294,98.982869225393,90.1550819495833,88.96222356198643,91.11297499954257,90.78897131588468
157.05880660585254,145.89139267136832,72.91310950315403,69.78331874996826,91.00125359528867,71.32310293607759,122.47396615857454,115.61294551464836,92.73069847427092,90.10723647444736,99.2571969432174,98.7730731348469,90.41011438300241,88.44190658120402,88.37054476475573,88.70552456240983
146.39503716038672,173.96050585802095,51.978214281944354,98.34949212327939,90.17609844165943,72.8944835772874,118.81600370706086,116.79108484458385,92.44973864276245,90.49467895511634,97.206309701516,99.39206585856847,89.49450020400552,89.39721098946787,94.14997763285372,94.68785502999224
170.35189835344977,177.3966101049143,100.48361888039572,149.15420135864008,91.36625207434498,72.88526965209705,123.67658488649536,112.37096207415595,91.82035037112412,90.46934578348477,98.55073681698464,99.88920117730785,89.97466933284659,89.02928918944679,93.57363944049888,93.1687048453655
139.43474654706355,132.22132912309974,45.74797868334176,31.52570458596141,85.92606787213236,78.4548927692706,132.38816332376646,104.08913230927288,92.96561600058435,88.94479974941373,98.1148614649111,98.58931372541687,89.36410506256081,89.57018553019843,91.76836580135115,91.9666735137133
179.62258241579977,170.04832376559938,99.66324485918548,103.35016048259087,82.7961610057307,78.24380577297136,123.71624096481646,98.25274932387532,92.7666935711969,90.30380931876033,99.52913409483229,99.00320269855213,89.03909734109493,89.66847878254408,93.51285758707493,93.68981412809163
129.53022092973637,126.00201841207459,20.204648961192348,24.902055213807966,80.10447907647705,84.59126449320428,123.77717991259131,94.47071648608835,90.85091430146753,90.86219094378721,99.63810293285067,98.76976049309944,89.38445902628744,89.70208331326054,85.7934051078832,85.42432217570322
162.58146534229306,148.83587356218248,123.91755396041341,146.0683765331417,83.086956309644,84.45256384172883,139.86040393613877,99.62188123357188,90.48209091647601,91.84435165586754,100.10308172097763,99.98957080716119,89.4201399345116,89.62869976081794,90.2145797274433,89.31576781380463
99.23978679102304,96.8633590731005,82.60628857699352,78.59341583582763,74.07008890704083,80.11124096375536,123.96614392616888,91.5539798236828,91.03624465440666,89.55713986888371,95.64012683426458,96.04370222175312,89.68055455699667,88.81455487213076,84.17456148213097,84.20768789960553
162.44033997366225,152.8628164930386,160.0851678044368,158.9963127073317,83.67147706862451,85.84711088532701,134.17171696135355,105.7178387281866,89.71952761640077,92.30590851922032,100.89120358892706,100.54028212975014,89.15840025532754,90.0195368455044,88.55702258947542,87.70022316942152
140.0489444779878,106.85556382880314,128.50435383715714,101.53132891794066,78.28999151213898,76.54162017896662,125.94549176650357,96.44454553357366,91.79350772768596,90.57158005498151,95.91648311827247,96.08300996042654,89.16203391596598,89.02911843471753,89.96983355891422,89.34470732531797
172.0028370381119,159.49789447922075,152.2245079943442,164.5658538622352,78.98806416607096,82.21280137890908,120.0950112706591,97.99942443774871,90.2287660303494,93.46402856469851,98.00206772095751,98.61593097261242,89.53189548971135,88.80598981491156,93.34136519739425,91.741523157913
130.57201602346007,123.7745844407067,77.68159924200926,66.99806322908543,75.56531976919418,79.12402591168923,127.93127364503638,92.38500210980907,92.15735873496172,90.72189202804599,96.28677499393554,96.71569038324482,89.42383506685258,88.93598197519525,85.62228837860687,85.50514380415198
178.7900096767319,175.99155823037262,158.3804208894933,176.06084366931321,79.75091433409135,82.94251829926573,129.0982934270031,103.196658811184,93.5806950259115,89.57361428516178,100.34039664368972,98.9534447704486,90.42917744097592,88.29480479704947,84.81041111272414,85.86652911313736
158.40977704254604,165.4664826061931,66.8527099733584,110.45113933243793,84.33861579580551,79.71359418046639,127.22757291522832,110.02815937751738,92.2627963651792,90.61316224664856,98.70291343169252,100.15744319658177,89.60228058910832,89.23439977022227,89.9589052562422,90.40678808087662
161.152453164143,176.49692392706186,142.21670991676643,149.71075249296942,80.03770031696183,78.97169220263044,119.74097524522065,104.62679114035794,94.13063453712425,89.43205861461327,100.89533585337492,98.97358699831096,90.61043700116971,87.72657403923942,84.20586423909714,86.12855566026656
135.46695305441975,133.26264610358155,30.258981117585428,62.427123051594485,84.45554180420696,77.25537494723295,120.28206283126907,104.1150938583081,92.2729323659075,90.01740582648335,98.06899674463448,98.80883600534108,90.3664763043952,88.53731066353076,84.28542228254945,84.69144970795003
156.56288023059625,176.15932133676645,87.41681813019018,141.16584433182496,79.91319279858168,78.15937097445165,122.13025737916116,107.23601219576203,93.02334475944929,91.31431531589621,98.57731308304515,96.77460076483618,90.27107222206847,88.40759171081389,82.91096965548944,83.77838318951355
138.17527332449154,134.58488876462596,56.44169167812891,99.31689279656331,84.97184263375739,73.49077958239702,108.78190257098935,105.62535113663547,90.66059108024513,92.02492819714433,98.21816807610755,99.13938301022385,89.17395942625683,89.38072974300061,85.46391678232179,84.77697050654776
176.58630378254065,167.60101234447043,134.09051967250045,166.04718528942757,79.84254815199624,82.69285439453425,116.57184943260478,106.74028389599167,92.98428290758599,91.38541758515605,100.0917231163879,95.00064354303296,88.79000034206456,89.88272132623987,92.38281644927467,93.18351269548609
117.9463430407998,120.86902196778328,89.62753179846986,142.3033850173339,89.04518986983457,72.5416223443862,99.8317456260097,114.63677487847013,88.59615274323042,93.42537652418541,95.68764446032036,96.01125199300638,89.34464585361545,88.50238107611533,91.19670628857776,89.02561454767331
161.6507427848521,155.05993808486994,149.83226155830394,164.56955582476536,85.64509438024555,79.35815113605894,114.83426296813188,107.7936903113044,90.30436939427227,92.88279312670876,98.70156105423686,94.68303974662737,90.14599096779801,88.6928682218778,94.29625296411872,93.26274288985825
116.30174277168746,110.47133620181367,125.50976667859177,0.4347627249299092,84.6482692520172,70.27200512470432,103.07557321757801,104.8266014943375,90.83721294199248,91.0225228043641,95.82998560262342,95.69940604607112,89.5422910376281,89.0324515670325,84.74975220270525,84.05256747336537
177.36596987629758,169.38464794432758,142.43128713973155,123.00245887579345,83.53391022855129,77.18226460235714,102.45190181427498,106.93488281563451,90.04355179062617,92.91024365698306,100.09039805968891,99.78444656600736,89.65422417774627,88.81527204199361,92.03577453754632,91.0154398981948
110.75949505270734,102.85077120142537,1.4527956438919927,23.321931930460536,92.09104442831006,70.59866575194935,106.61022343381629,106.8732266979968,89.71370829522792,91.1115816409519,99.62708583771943,99.39841793449658,89.40090612180884,89.71087376672236,81.38146490408097,81.08767797731122
164.80553886058928,178.84631775624948,97.33757227698531,139.39132020432064,89.87308392932098,69.06920198167592,101.4654722339634,114.14851880565178,93.3237023282006,90.641985644946,98.04444221456828,97.09882984473668,89.06223119181375,89.6118770048922,94.7625909598905,95.49241716327388
147.46993135082832,128.93573492475682,70.40957879496672,32.542200658999384,92.93600713053233,70.36092735750873,95.58384607550367,115.38800006452315,91.91380101934823,90.45511849944363,97.17126400088468,97.64526546890522,89.76024920423238,89.42040631188922,98.03027640222967,98.23527086978926
172.72780697699537,177.79567073736143,97.09839954281898,124.57588857375427,93.19698865871852,69.91660306143189,95.84207503745435,113.8169472723935,92.33868659704721,89.73103648515223,100.91691925115215,100.19377297277705,89.88653940198591,88.88685925468451,91.61109386552243,92.5762064254344
145.20730824485653,150.47786469903187,50.16972020860296,57.228908546013315,94.9638288234066,68.53019077313519,97.99471843741058,115.0271338499147,93.29045296732097,89.18250399290851,97.76674721348307,97.91444322409542,88.57902945898121,90.4248539312313,96.6586173225402,97.43778481248775
139.2919272915186,129.94538714824643,53.299756848598854,20.818315844908607,92.142264016896,68.87286819398389,93.3581196514283,114.36180512286376,93.16964741147096,89.2878255099101,97.19617370078771,97.75849634496569,90.03135307276852,88.49756579275046,89.73203369277105,91.0737697137067
134.76711821168192,149.85582571094048,33.29409520359107,55.49263689295564,100.86342520957261,67.15302656097468,97.29386589648641,119.8169269487912,91.23778987643539,90.64064009767951,97.93089714980599,98.02305006208779,90.22240029404296,89.13961040492083,97.49306836362983,97.83702986004249
151.78691143459986,140.1202106717877,91.27858659634788,60.605190581061095,98.55257413787137,64.94453953436442,92.47535868233916,120.67037274596264,92.99282747423767,89.82952781298381,96.56684007066274,97.19259468166263,89.41313899061232,89.630871760974,96.05736260009314,96.63649433981853
158.6157072460219,136.3399878341308,138.81591774788208,52.442742277586085,101.25596301136243,61.30182889526737,91.06261601479207,130.37033419764794,92.03312442414835,90.67056315643335,97.72311596506502,98.06498742359167,90.70222791342552,88.12148191667121,90.76805044645693,91.36987890479426
154.83542976685163,132.4449631769043,139.57298957586463,55.82422208659224,102.23293960986271,61.014161817993944,104.57283947610401,137.60558090619912,93.05546713911586,89.8410571723028,95.82922062143638,96.31415722231812,90.36345053059289,88.40123963488577,91.70229055132044,93.08258299012081
148.17630951479103,131.77270863803497,130.90933174581033,46.63926372851507,97.90849412932835,63.14579555606323,119.9755239413189,130.0627844397006,92.43621486820582,90.581401867008,95.02554641274683,96.41719745613693,90.70182493226449,88.06969542238419,88.36649446257792,88.57212413773033
